scientific_name,display_name,common_name,taxon_id,assembly,accession,release,short_name
malurus_cyaneus_samueli,Superb fairywren,superb fairywren,2593467,mCya_1.0,GCA_009741485.1,106,msamueli
nomascus_leucogenys,Gibbon,Northern white-cheeked gibbon,61853,Nleu_3.0,GCA_000146795.3,106,nleucogenys
lepisosteus_oculatus,Spotted gar,Spotted gar,7918,LepOcu1,GCA_000242695.1,106,loculatus
apteryx_owenii,Little spotted kiwi,little spotted kiwi,8824,aptOwe1,GCA_003342965.1,106,aowenii
carassius_auratus,Goldfish,goldfish,7957,ASM336829v1,GCA_003368295.1,106,cauratus
lynx_canadensis,Canada lynx,Canada lynx,61383,mLynCan4_v1.p,GCA_007474595.1,106,lcanadensis
ictidomys_tridecemlineatus,Squirrel,thirteen-lined ground squirrel,43179,SpeTri2.0,GCA_000236235.1,106,itridecemlineatus
bubo_bubo,Eurasian eagle-owl,Eurasian eagle-owl,30461,BubBub1.0,GCA_010303855.1,106,bbubo
sus_scrofa_jinhua,Pig - Jinhua,pig,9823,Jinhua_pig_v1,GCA_001700295.1,106,sjinhua
oncorhynchus_kisutch,Coho salmon,coho salmon,8019,Okis_V2,GCA_002021735.2,106,okisutch
microcebus_murinus,Mouse Lemur,gray mouse lemur,30608,Mmur_3.0,GCA_000165445.3,106,mmurinus
scleropages_formosus,Asian bonytongue,Asian bonytongue,113540,fSclFor1.1,GCA_900964775.1,106,sformosus
dasypus_novemcinctus,Armadillo,nine-banded armadillo,9361,Dasnov3.0,GCA_000208655.2,106,dnovemcinctus
pygocentrus_nattereri,Red-bellied piranha,red-bellied piranha,42514,Pygocentrus_nattereri-1.0.2,GCA_001682695.1,106,pnattereri
procavia_capensis,Hyrax,cape rock hyrax,9813,proCap1,,106,pcapensis
anolis_carolinensis,Green anole,green anole,28377,AnoCar2.0v2,GCA_000090745.2,106,acarolinensis
mus_musculus_wsbeij,Mouse WSB/EiJ,mouse,10092,WSB_EiJ_v1,GCA_001624835.1,106,mwsbeij
gallus_gallus,Chicken,chicken,9031,GRCg6a,GCA_000002315.5,106,ggallus
mus_musculus_casteij,Mouse CAST/EiJ,mouse,10091,CAST_EiJ_v1,GCA_001624445.1,106,mcasteij
papio_anubis,Olive baboon,olive baboon,9555,Panubis1.0,GCA_008728515.1,106,panubis
stachyris_ruficeps,Rufous-capped babbler,rufous-capped babbler,181631,ASM869450v1,GCA_008694505.1,106,sruficeps
hucho_hucho,Huchen,huchen,62062,ASM331708v1,GCA_003317085.1,106,hhucho
chlorocebus_sabaeus,Vervet-AGM,African green monkey,60711,ChlSab1.1,GCA_000409795.2,106,csabaeus
piliocolobus_tephrosceles,Ugandan red Colobus,Ugandan red Colobus,591936,ASM277652v2,GCA_002776525.2,106,ptephrosceles
mus_musculus,Mouse,mouse,10090,GRCm39,GCA_000001635.9,106,mmusculus
falco_tinnunculus,Common kestrel,common kestrel,100819,FalTin1.0,GCA_010332995.1,106,ftinnunculus
anser_cygnoides,Swan goose,swan goose,8845,GooseV1.0,GCA_002166845.1,106,acygnoides
cottoperca_gobio,Channel bull blenny,channel bull blenny,56716,fCotGob3.1,GCA_900634415.1,106,cgobio
mus_musculus_nzohlltj,Mouse NZO/HlLtJ,mouse,10090,NZO_HlLtJ_v1,GCA_001624745.1,106,mnzohlltj
dicentrarchus_labrax,European seabass,European seabass,13489,dlabrax2021,GCA_905237075.1,106,dlabrax
mustela_putorius_furo,Ferret,Domestic ferret,9669,MusPutFur1.0,GCA_000215625.1,106,mfuro
cynoglossus_semilaevis,Tongue sole,tongue sole,244447,Cse_v1.0,GCA_000523025.1,106,csemilaevis
spermophilus_dauricus,Daurian ground squirrel,Daurian ground squirrel,99837,ASM240643v1,GCA_002406435.1,106,sdauricus
ursus_americanus,American black bear,American black bear,9643,ASM334442v1,GCA_003344425.1,106,uamericanus
mus_musculus_cbaj,Mouse CBA/J,mouse,10090,CBA_J_v1,GCA_001624475.1,106,mcbaj
colobus_angolensis_palliatus,Angola colobus,Angola colobus,336983,Cang.pa_1.0,GCA_000951035.1,106,cpalliatus
apteryx_haastii,Great spotted kiwi,Great spotted kiwi,8823,aptHaa1,GCA_003342985.1,106,ahaastii
numida_meleagris,Helmeted guineafowl,helmeted guineafowl,8996,NumMel1.0,GCA_002078875.2,106,nmeleagris
mandrillus_leucophaeus,Drill,Drill,9568,Mleu.le_1.0,GCA_000951045.1,106,mleucophaeus
gadus_morhua,Atlantic cod,Atlantic cod,8049,gadMor3.0,GCA_902167405.1,106,gmorhua
saimiri_boliviensis_boliviensis,Bolivian squirrel monkey,Bolivian squirrel monkey,39432,SaiBol1.0,GCA_000235385.1,106,sboliviensis
monodon_monoceros,Narwhal,narwhal,40151,NGI_Narwhal_1,GCA_005190385.2,106,mmonoceros
octodon_degus,Degu,Degu,10160,OctDeg1.0,GCA_000260255.1,106,odegus
pogona_vitticeps,Central bearded dragon,central bearded dragon,103695,pvi1.1,GCA_900067755.1,106,pvitticeps
peromyscus_maniculatus_bairdii,Northern American deer mouse,Northern American deer mouse,230844,HU_Pman_2.1,GCA_003704035.1,106,pbairdii
neovison_vison,American mink,American mink,452646,NNQGG.v01,GCA_900108605.1,106,nvison
gouania_willdenowi,Blunt-snouted clingfish,blunt-snouted clingfish,441366,fGouWil2.1,GCA_900634775.1,106,gwilldenowi
maylandia_zebra,Zebra mbuna,zebra mbuna,106582,M_zebra_UMD2a,GCA_000238955.5,106,mzebra
sciurus_vulgaris,Eurasian red squirrel,Eurasian red squirrel,55149,mSciVul1.1,GCA_902686455.1,106,svulgaris
rhinolophus_ferrumequinum,Greater horseshoe bat,greater horseshoe bat,59479,mRhiFer1_v1.p,GCA_004115265.2,106,rferrumequinum
pan_paniscus,Bonobo,bonobo,9597,panpan1.1,GCA_000258655.2,106,ppaniscus
petromyzon_marinus,Lamprey,sea lamprey,7757,Pmarinus_7.0,,106,pmarinus
lonchura_striata_domestica,Bengalese finch,Bengalese finch,299123,LonStrDom1,GCA_002197715.1,106,ldomestica
phascolarctos_cinereus,Koala,koala,38626,phaCin_unsw_v4.1,GCA_002099425.1,106,pcinereus
chrysolophus_pictus,Golden pheasant,golden pheasant,9089,Chrysolophus_pictus_GenomeV1.0,GCA_003413605.1,106,cpictus
amphiprion_ocellaris,Clown anemonefish,clown anemonefish,80972,AmpOce1.0,GCA_002776465.1,106,aocellaris
leptobrachium_leishanense,Leishan spiny toad,Leishan spiny toad,445787,ASM966780v1,GCA_009667805.1,106,lleishanense
crocodylus_porosus,Australian saltwater crocodile,Australian saltwater crocodile,8502,CroPor_comp1,GCA_001723895.1,106,cporosus
tupaia_belangeri,Tree Shrew,northern tree shrew,37347,TREESHREW,,106,tbelangeri
mus_pahari,Shrew mouse,Shrew mouse,10093,PAHARI_EIJ_v1.1,GCA_900095145.2,106,mpahari
sus_scrofa_rongchang,Pig - Rongchang,pig,9823,Rongchang_pig_v1,GCA_001700155.1,106,srongchang
pundamilia_nyererei,Makobe Island cichlid,Makobe Island cichlid,303518,PunNye1.0,GCA_000239375.1,106,pnyererei
scophthalmus_maximus,Turbot,turbot,52904,ASM1334776v1,GCA_013347765.1,106,smaximus
castor_canadensis,American beaver,American beaver,51338,C.can_genome_v1.0,GCA_001984765.1,106,ccanadensis
cyanistes_caeruleus,Blue tit,blue tit,156563,cyaCae2,GCA_002901205.1,106,ccaeruleus
ornithorhynchus_anatinus,Platypus,platypus,9258,mOrnAna1.p.v1,GCA_004115215.2,106,oanatinus
astyanax_mexicanus_pachon,Pachon cavefish,Pachon cavefish,7994,Astyanax_mexicanus-1.0.2,GCA_004802775.1,106,apachon
balaenoptera_musculus,Blue whale,Blue whale,9771,mBalMus1.v2,GCA_009873245.2,106,bmusculus
equus_caballus,Horse,horse,9796,EquCab3.0,GCA_002863925.1,106,ecaballus
camelus_dromedarius,Arabian camel,Arabian camel,9838,CamDro2,GCA_000803125.2,106,cdromedarius
zonotrichia_albicollis,White-throated sparrow,white-throated sparrow,44394,Zonotrichia_albicollis-1.0.1,GCA_000385455.1,106,zalbicollis
canis_lupus_familiarisboxer,Dog - Boxer,dog,9615,Dog10K_Boxer_Tasha,GCA_000002285.4,106,cfamiliarisboxer
strigops_habroptila,Kakapo,Kakapo,2489341,bStrHab1_v1.p,GCA_004027225.1,106,shabroptila
sarcophilus_harrisii,Tasmanian devil,Tasmanian devil,9305,mSarHar1.11,GCA_902635505.1,106,sharrisii
notamacropus_eugenii,Wallaby,tammar wallaby,9315,Meug_1.0,GCA_000004035.1,106,neugenii
gambusia_affinis,Western mosquitofish,western mosquitofish,33528,ASM309773v1,GCA_003097735.1,106,gaffinis
periophthalmus_magnuspinnatus,Periophthalmus magnuspinnatus,Periophthalmus magnuspinnatus,409849,PM.fa,GCA_000787105.1,106,pmagnuspinnatus
rhinopithecus_roxellana,Golden snub-nosed monkey,Golden snub-nosed monkey,61622,Rrox_v1,GCA_000769185.1,106,rroxellana
otolemur_garnettii,Bushbaby,small-eared galago,30611,OtoGar3,GCA_000181295.3,106,ogarnettii
mus_musculus_pwkphj,Mouse PWK/PhJ,mouse,39442,PWK_PhJ_v1,GCA_001624775.1,106,mpwkphj
monodelphis_domestica,Opossum,gray short-tailed opossum,13616,ASM229v1,GCA_000002295.1,106,mdomestica
calidris_pugnax,Ruff,ruff,198806,ASM143184v1,GCA_001431845.1,106,cpugnax
sus_scrofa_meishan,Pig - Meishan,pig,9823,Meishan_pig_v1,GCA_001700195.1,106,smeishan
dromaius_novaehollandiae,Emu,emu,8790,droNov1,GCA_003342905.1,106,dnovaehollandiae
erinaceus_europaeus,Hedgehog,western European hedgehog,9365,HEDGEHOG,,106,eeuropaeus
erythrura_gouldiae,Gouldian finch,Gouldian finch,44316,GouldianFinch,GCA_003676055.1,106,egouldiae
seriola_dumerili,Greater amberjack,greater amberjack,41447,Sdu_1.0,GCA_002260705.1,106,sdumerili
ciona_intestinalis,C.intestinalis,Sea squirt Ciona intestinalis,7719,KH,GCA_000224145.1,106,cintestinalis
acanthochromis_polyacanthus,Spiny chromis,spiny chromis,80966,ASM210954v1,GCA_002109545.1,106,apolyacanthus
myotis_lucifugus,Microbat,little brown bat,59463,Myoluc2.0,GCA_000147115.1,106,mlucifugus
mus_musculus_akrj,Mouse AKR/J,mouse,10090,AKR_J_v1,GCA_001624295.1,106,makrj
gorilla_gorilla,Gorilla,Western Lowland Gorilla,9595,gorGor4,GCA_000151905.3,106,ggorilla
xiphophorus_maculatus,Platyfish,southern platyfish,8083,X_maculatus-5.0-male,GCA_002775205.2,106,xmaculatus
gasterosteus_aculeatus,Stickleback,three-spined stickleback,69293,BROADS1,,106,gaculeatus
sus_scrofa,Pig,pig,9823,Sscrofa11.1,GCA_000003025.6,106,sscrofa
pan_troglodytes,Chimpanzee,chimpanzee,9598,Pan_tro_3.0,GCA_000001515.5,106,ptroglodytes
ovis_aries_rambouillet,Sheep,sheep,9940,Oar_rambouillet_v1.0,GCA_002742125.1,106,orambouillet
gopherus_agassizii,Agassiz's desert tortoise,Agassiz's desert tortoise,38772,ASM289641v1,GCA_002896415.1,106,gagassizii
latimeria_chalumnae,Coelacanth,coelacanth,7897,LatCha1,GCA_000225785.1,106,lchalumnae
macaca_mulatta,Macaque,Macaque,9544,Mmul_10,GCA_003339765.3,106,mmulatta
ictalurus_punctatus,Channel catfish,channel catfish,7998,IpCoco_1.2,GCA_001660625.1,106,ipunctatus
heterocephalus_glaber_male,Naked mole-rat male,naked mole-rat,10181,HetGla_1.0,GCA_000230445.1,106,hmale
sinocyclocheilus_rhinocerous,Horned golden-line barbel,horned golden-line barbel,307959,SAMN03320098_v1.1,GCA_001515625.1,106,srhinocerous
gopherus_evgoodei,Goodes thornscrub tortoise,Goodes thornscrub tortoise,1825980,rGopEvg1_v1.p,GCA_007399415.1,106,gevgoodei
astatotilapia_calliptera,Eastern happy,eastern happy,8154,fAstCal1.2,GCA_900246225.3,106,acalliptera
xiphophorus_couchianus,Monterrey platyfish,Monterrey platyfish,32473,Xiphophorus_couchianus-4.0.1,GCA_001444195.1,106,xcouchianus
anas_platyrhynchos,Mallard,mallard,8839,ASM874695v1,GCA_008746955.1,106,aplatyrhynchos
macaca_fascicularis,Crab-eating macaque,Crab-eating macaque,9541,Macaca_fascicularis_6.0,GCA_011100615.1,106,mfascicularis
sparus_aurata,Gilthead seabream,gilthead seabream,8175,fSpaAur1.1,GCA_900880675.1,106,saurata
urocitellus_parryii,Arctic ground squirrel,Arctic ground squirrel,9999,ASM342692v1,GCA_003426925.1,106,uparryii
cyprinus_carpio_carpio,Common carp,common carp,630221,Cypcar_WagV4.0,GCA_905221575.1,106,ccarpio
aquila_chrysaetos_chrysaetos,Golden eagle,golden eagle,223781,bAquChr1.2,GCA_900496995.2,106,achrysaetos
strix_occidentalis_caurina,Northern spotted owl,northern spotted owl,311401,Soccid_v01,GCA_002372975.1,106,scaurina
bos_taurus_hybrid,Hybrid - Bos Taurus,hybrid cattle,30522,UOA_Angus_1,GCA_003369685.2,106,bhybrid
notechis_scutatus,Mainland tiger snake,mainland tiger snake,8663,TS10Xv2-PRI,GCA_900518725.1,106,nscutatus
cervus_hanglu_yarkandensis,Yarkand deer,Yarkand deer,84702,CEY_v1,GCA_010411085.1,106,cyarkandensis
kryptolebias_marmoratus,Mangrove rivulus,mangrove rivulus,37003,ASM164957v1,GCA_001649575.1,106,kmarmoratus
microtus_ochrogaster,Prairie vole,vole,79684,MicOch1.0,GCA_000317375.1,106,mochrogaster
bos_grunniens,Domestic yak,domestic yak,30521,LU_Bosgru_v3.0,GCA_005887515.1,106,bgrunniens
vicugna_pacos,Alpaca,alpaca,30538,vicPac1,,106,vpacos
sus_scrofa_tibetan,Pig - Tibetan,pig,9823,Tibetan_Pig_v2,GCA_000472085.2,106,stibetan
phasianus_colchicus,Ring-necked pheasant,Ring-necked pheasant,9054,ASM414374v1,GCA_004143745.1,106,pcolchicus
sphenodon_punctatus,Tuatara,tuatara,8508,ASM311381v1,GCA_003113815.1,106,spunctatus
delphinapterus_leucas,Beluga whale,beluga whale,9749,ASM228892v3,GCA_002288925.3,106,dleucas
monopterus_albus,Swamp eel,swamp eel,43700,M_albus_1.0,GCA_001952655.1,106,malbus
accipiter_nisus,Eurasian sparrowhawk,Eurasian sparrowhawk,211598,Accipiter_nisus_ver1.0,GCA_004320145.1,106,anisus
phocoena_sinus,Vaquita,vaquita,42100,mPhoSin1.pri,GCA_008692025.1,106,psinus
calidris_pygmaea,Spoon-billed sandpiper,Spoon-billed sandpiper,425635,ASM369795v1,GCA_003697955.1,106,cpygmaea
varanus_komodoensis,Komodo dragon,Komodo dragon,61221,ASM479886v1,GCA_004798865.1,106,vkomodoensis
poecilia_mexicana,Shortfin molly,shortfin molly,48701,P_mexicana-1.0,GCA_001443325.1,106,pmexicana
theropithecus_gelada,Gelada,gelada,9565,Tgel_1.0,GCA_003255815.1,106,tgelada
physeter_catodon,Sperm whale,sperm whale,9755,ASM283717v2,GCA_002837175.2,106,pcatodon
clupea_harengus,Atlantic herring,Atlantic herring,7950,Ch_v2.0.2,GCA_900700415.1,106,charengus
panthera_pardus,Leopard,leopard,9691,PanPar1.0,GCA_001857705.1,106,ppardus
sus_scrofa_pietrain,Pig - Pietrain,pig,9823,Pietrain_pig_v1,GCA_001700255.1,106,spietrain
mus_musculus_dba2j,Mouse DBA/2J,mouse,10090,DBA_2J_v1,GCA_001624505.1,106,mdba2j
struthio_camelus_australis,African ostrich,African ostrich,441894,ASM69896v1,GCA_000698965.1,106,saustralis
oreochromis_niloticus,Nile tilapia,Nile tilapia,8128,O_niloticus_UMD_NMBU,GCA_001858045.3,106,oniloticus
cyprinodon_variegatus,Sheepshead minnow,sheepshead minnow,28743,C_variegatus-1.0,GCA_000732505.1,106,cvariegatus
poecilia_reticulata,Guppy,guppy,8081,Guppy_female_1.0_MT,GCA_000633615.2,106,preticulata
cricetulus_griseus_crigri,Chinese hamster CriGri,Chinese hamster,10029,CriGri_1.0,GCA_000223135.1,106,ccrigri
camarhynchus_parvulus,Small tree finch,small tree finch,87175,STF_HiC,GCA_901933205.1,106,cparvulus
hippocampus_comes,Tiger tail seahorse,tiger tail seahorse,109280,H_comes_QL1_v1,GCA_001891065.1,106,hcomes
panthera_leo,Lion,lion,9689,PanLeo1.0,GCA_008795835.1,106,pleo
cyprinus_carpio_hebaored,Common carp hebao red,common carp hebao red,7962,Hebao_red_carp_1.0,GCA_004011595.1,106,chebaored
jaculus_jaculus,Lesser Egyptian jerboa,Lesser Egyptian jerboa,51337,JacJac1.0,GCA_000280705.1,106,jjaculus
buteo_japonicus,Eastern buzzard,eastern buzzard,224669,ButJap1.0,GCA_010312235.1,106,bjaponicus
fukomys_damarensis,Damara mole rat,Damara mole rat,885580,DMR_v1.0,GCA_000743615.1,106,fdamarensis
meleagris_gallopavo,Turkey,turkey,9103,Turkey_5.1,GCA_000146605.4,106,mgallopavo
cavia_aperea,Brazilian guinea pig,Brazilian guinea pig,37548,CavAp1.0,GCA_000688575.1,106,caperea
catagonus_wagneri,Chacoan peccary,Chacoan peccary,51154,CatWag_v2_BIUU_UCD,GCA_004024745.2,106,cwagneri
suricata_suricatta,Meerkat,meerkat,37032,meerkat_22Aug2017_6uvM2_HiC,GCA_006229205.1,106,ssuricatta
neolamprologus_brichardi,Lyretail cichlid,lyretail cichlid,32507,NeoBri1.0,GCA_000239395.1,106,nbrichardi
rhinopithecus_bieti,Black snub-nosed monkey,Black snub-nosed monkey,61621,ASM169854v1,GCA_001698545.1,106,rbieti
sus_scrofa_berkshire,Pig - Berkshire,pig,9823,Berkshire_pig_v1,GCA_001700575.1,106,sberkshire
echeneis_naucrates,Live sharksucker,live sharksucker,173247,fEcheNa1.1,GCA_900963305.1,106,enaucrates
pseudonaja_textilis,Eastern brown snake,eastern brown snake,8673,EBS10Xv2-PRI,GCA_900518735.1,106,ptextilis
ursus_thibetanus_thibetanus,Asiatic black bear,Asiatic black bear,441215,ASM966005v1,GCA_009660055.1,106,uthibetanus
taeniopygia_guttata,Zebra finch,zebra finch,59729,bTaeGut1_v1.p,GCA_003957565.2,106,tguttata
bos_indicus_hybrid,Hybrid - Bos Indicus,hybrid cattle,30522,UOA_Brahman_1,GCA_003369695.2,106,bhybrid
choloepus_hoffmanni,Sloth,Hoffmann's two-fingered sloth,9358,choHof1,,106,choffmanni
aotus_nancymaae,Ma's night monkey,Ma's night monkey,37293,Anan_2.0,GCA_000952055.2,106,anancymaae
serinus_canaria,Common canary,common canary,9135,SCA1,GCA_000534875.1,106,scanaria
betta_splendens,Siamese fighting fish,Siamese fighting fish,158456,fBetSpl5.2,GCA_900634795.2,106,bsplendens
cercocebus_atys,Sooty mangabey,Sooty mangabey,9531,Caty_1.0,GCA_000955945.1,106,catys
panthera_tigris_altaica,Tiger,Tiger,74533,PanTig1.0,GCA_000464555.1,106,paltaica
pelodiscus_sinensis,Chinese softshell turtle,Chinese softshell turtle,13735,PelSin_1.0,GCA_000230535.1,106,psinensis
zosterops_lateralis_melanops,Silver-eye,silver-eye,1220523,ASM128173v1,GCA_001281735.1,106,zmelanops
bos_mutus,Wild yak,wild yak,72004,BosGru_v2.0,GCA_000298355.1,106,bmutus
neogobius_melanostomus,Round goby,round goby,47308,RGoby_Basel_V2,GCA_007210695.1,106,nmelanostomus
ailuropoda_melanoleuca,Giant panda,giant panda,9646,ASM200744v2,GCA_002007445.2,106,amelanoleuca
xenopus_tropicalis,Tropical clawed frog,tropical clawed frog,8364,Xenopus_tropicalis_v9.1,GCA_000004195.3,106,xtropicalis
danio_rerio,Zebrafish,zebrafish,7955,GRCz11,GCA_000002035.4,106,drerio
sphaeramia_orbicularis,Orbiculate cardinalfish,orbiculate cardinalfish,375764,fSphaOr1.1,GCA_902148855.1,106,sorbicularis
tursiops_truncatus,Dolphin,bottlenosed dolphin,9739,turTru1,,106,ttruncatus
oryctolagus_cuniculus,Rabbit,rabbit,9986,OryCun2.0,GCA_000003625.1,106,ocuniculus
cricetulus_griseus_chok1gshd,Chinese hamster CHOK1GS,Chinese hamster,10029,CHOK1GS_HDv1,GCA_900186095.1,106,cchok1gshd
ovis_aries,Sheep (texel),sheep,9940,Oar_v3.1,GCA_000298735.1,106,oaries
amphiprion_percula,Orange clownfish,orange clownfish,161767,Nemo_v1,GCA_003047355.1,106,apercula
mus_musculus_balbcj,Mouse BALB/cJ,mouse,10090,BALB_cJ_v1,GCA_001632525.1,106,mbalbcj
saccharomyces_cerevisiae,Saccharomyces cerevisiae,baker's yeast,559292,R64-1-1,GCA_000146045.2,106,scerevisiae
chinchilla_lanigera,Long-tailed chinchilla,Long-tailed chinchilla,34839,ChiLan1.0,GCA_000276665.1,106,clanigera
prolemur_simus,Greater bamboo lemur,greater bamboo lemur,1328070,Prosim_1.0,GCA_003258685.1,106,psimus
anas_zonorhyncha,Eastern spot-billed duck,Eastern spot-billed duck,75864,ASM222487v1,GCA_002224875.1,106,azonorhyncha
ursus_maritimus,Polar bear,Polar bear,29073,UrsMar_1.0,GCA_000687225.1,106,umaritimus
chelydra_serpentina,Common snapping turtle,Common snapping turtle,8475,Chelydra_serpentina-1.0,GCA_007922165.1,106,cserpentina
larimichthys_crocea,Large yellow croaker,large yellow croaker,215358,L_crocea_2.0,GCA_000972845.2,106,lcrocea
cyclopterus_lumpus,Lumpfish,lumpfish,8103,fCycLum1.pri,GCA_009769545.1,106,clumpus
chelonoidis_abingdonii,Abingdon island giant tortoise,Abingdon island giant tortoise,106734,ASM359739v1,GCA_003597395.1,106,cabingdonii
denticeps_clupeoides,Denticle herring,denticle herring,299321,fDenClu1.1,GCA_900700375.1,106,dclupeoides
parus_major,Great Tit,Great Tit,9157,Parus_major1.1,GCA_001522545.2,106,pmajor
callorhinchus_milii,Elephant shark,elephant shark,7868,Callorhinchus_milii-6.1.3,GCA_000165045.2,106,cmilii
corvus_moneduloides,New Caledonian crow,New Caledonian crow,1196302,UO_Cmon_1.0,GCA_009650515.1,106,cmoneduloides
mesocricetus_auratus,Golden Hamster,Golden Hamster,10036,MesAur1.0,GCA_000349665.1,106,mauratus
canis_lupus_familiaris,Dog,dog,9615,ROS_Cfam_1.0,GCA_014441545.1,106,cfamiliaris
mus_spicilegus,Steppe mouse,steppe mouse,10103,MUSP714,GCA_003336285.1,106,mspicilegus
mus_caroli,Ryukyu mouse,Ryukyu mouse,10089,CAROLI_EIJ_v1.1,GCA_900094665.2,106,mcaroli
anas_platyrhynchos_platyrhynchos,Duck,common mallard,8840,CAU_duck1.0,GCA_002743455.1,106,aplatyrhynchos
oncorhynchus_mykiss,Rainbow trout,rainbow trout,8022,USDA_OmykA_1.1,GCA_013265735.3,106,omykiss
salvator_merianae,Argentine black and white tegu,Argentine black and white tegu,96440,HLtupMer3,GCA_003586115.1,106,smerianae
echinops_telfairi,Lesser hedgehog tenrec,small Madagascar hedgehog,9371,TENREC,,106,etelfairi
drosophila_melanogaster,Drosophila melanogaster,fruit fly,7227,BDGP6.32,GCA_000001215.4,106,dmelanogaster
coturnix_japonica,Japanese quail,Japanese quail,93934,Coturnix_japonica_2.0,GCA_001577835.1,106,cjaponica
tetraodon_nigroviridis,Tetraodon,spotted green pufferfish,99883,TETRAODON8,,106,tnigroviridis
oreochromis_aureus,Blue tilapia,blue tilapia,47969,ASM587006v1,GCA_005870065.1,106,oaureus
mus_musculus_aj,Mouse A/J,mouse,10090,A_J_v1,GCA_001624215.1,106,maj
mola_mola,Ocean sunfish,ocean sunfish,94237,ASM169857v1,GCA_001698575.1,106,mmola
sus_scrofa_usmarc,Pig USMARC,pig,9823,USMARCv1.0,GCA_002844635.1,106,susmarc
pelusios_castaneus,West African mud turtle,West African mud turtle,367368,Pelusios_castaneus-1.0,GCA_007922175.1,106,pcastaneus
canis_lupus_familiarisgreatdane,Dog - Great Dane,dog,9615,UMICH_Zoey_3.1,GCA_005444595.1,106,cfamiliarisgreatdane
athene_cunicularia,Burrowing owl,burrowing owl,194338,athCun1,GCA_003259725.1,106,acunicularia
geospiza_fortis,Medium ground-finch,medium ground-finch,48883,GeoFor_1.0,GCA_000277835.1,106,gfortis
pteropus_vampyrus,Megabat,large flying fox,132908,pteVam1,,106,pvampyrus
apteryx_rowi,Okarito brown kiwi,Okarito brown kiwi,308060,aptRow1,GCA_003343035.1,106,arowi
canis_lupus_familiarisbasenji,Dog - Basenji,dog,9615,Basenji_breed-1.1,GCA_004886185.1,106,cfamiliarisbasenji
stegastes_partitus,Bicolor damselfish,bicolor damselfish,144197,Stegastes_partitus-1.0.2,GCA_000690725.1,106,spartitus
junco_hyemalis,Dark-eyed junco,dark-eyed junco,40217,ASM382977v1,GCA_003829775.1,106,jhyemalis
sus_scrofa_wuzhishan,Pig - Wuzhishan,pig,9823,minipig_v1.0,GCA_000325925.2,106,swuzhishan
carlito_syrichta,Tarsier,Philippine tarsier,1868482,Tarsius_syrichta-2.0.1,GCA_000164805.2,106,csyrichta
callithrix_jacchus,White-tufted-ear marmoset,white-tufted-ear marmoset,9483,mCalJac1.pat.X,GCA_011100555.1,106,cjacchus
cairina_moschata_domestica,Muscovy Duck (domestic type),muscovy Duck (domestic type),1240228,CaiMos1.0,GCA_009194515.1,106,cdomestica
otus_sunia,Oriental scops-owl,Oriental scops-owl,257818,OtuSun1.0,GCA_010365825.1,106,osunia
bison_bison_bison,American bison,American bison,43346,Bison_UMD1.0,GCA_000754665.1,106,bbison
fundulus_heteroclitus,Mummichog,mummichog,8078,Fundulus_heteroclitus-3.0.2,GCA_000826765.1,106,fheteroclitus
cricetulus_griseus_picr,Chinese hamster PICR,Chinese hamster,10029,CriGri-PICR,GCA_003668045.1,106,cpicr
pongo_abelii,Sumatran orangutan,Sumatran orangutan,9601,Susie_PABv2,GCA_002880775.3,106,pabelii
mus_musculus_lpj,Mouse LP/J,mouse,10090,LP_J_v1,GCA_001632615.1,106,mlpj
heterocephalus_glaber_female,Naked mole-rat female,naked mole-rat,10181,HetGla_female_1.0,GCA_000247695.1,106,hfemale
oncorhynchus_tshawytscha,Chinook salmon,Chinook salmon,74940,Otsh_v1.0,GCA_002872995.1,106,otshawytscha
naja_naja,Indian cobra,Indian cobra,35670,Nana_v5,GCA_009733165.1,106,nnaja
mus_musculus_c3hhej,Mouse C3H/HeJ,mouse,10090,C3H_HeJ_v1,GCA_001632575.1,106,mc3hhej
zalophus_californianus,California sea lion,california sea lion,9704,mZalCal1.pri,GCA_009762305.1,106,zcalifornianus
salmo_salar,Atlantic salmon,Atlantic salmon,8030,Ssal_v3.1,GCA_905237065.2,106,ssalar
pavo_cristatus,Indian peafowl,Indian peafowl,9049,AIIM_Pcri_1.0,GCA_005519975.1,106,pcristatus
rattus_norvegicus,Rat,Norway rat,10116,mRatBN7.2,GCA_015227675.2,106,rnorvegicus
mus_musculus_c57bl6nj,Mouse C57BL/6NJ,mouse,10090,C57BL_6NJ_v1,GCA_001632555.1,106,mc57bl6nj
ficedula_albicollis,Collared flycatcher,Collared flycatcher,59894,FicAlb1.5,GCA_000247815.2,106,falbicollis
mus_spretus,Algerian mouse,algerian mouse,10096,SPRET_EiJ_v1,GCA_001624865.1,106,mspretus
nothoprocta_perdicaria,Chilean tinamou,Chilean tinamou,30464,notPer1,GCA_003342845.1,106,nperdicaria
electrophorus_electricus,Electric eel,electric eel,8005,Ee_SOAP_WITH_SSPACE,GCA_003665695.2,106,eelectricus
erpetoichthys_calabaricus,Reedfish,reedfish,27687,fErpCal1.1,GCA_900747795.2,106,ecalabaricus
podarcis_muralis,Common wall lizard,common wall lizard,64176,PodMur_1.0,GCA_004329235.1,106,pmuralis
sander_lucioperca,Pike-perch,pike-perch,283035,SLUC_FBN_1,GCA_008315115.1,106,slucioperca
mastacembelus_armatus,Zig-zag eel,zig-zag eel,205130,fMasArm1.2,GCA_900324485.2,106,marmatus
haplochromis_burtoni,Burton's mouthbrooder,Burton's mouthbrooder,8153,AstBur1.0,GCA_000239415.1,106,hburtoni
caenorhabditis_elegans,Caenorhabditis elegans (PRJNA13758),C.elegans,6239,WBcel235,GCA_000002985.3,106,celegans
salarias_fasciatus,Jewelled blenny,jewelled blenny,181472,fSalaFa1.1,GCA_902148845.1,106,sfasciatus
oryzias_sinensis,Chinese medaka,Chinese medaka,183150,ASM858656v1,GCA_008586565.1,106,osinensis
cavia_porcellus,Guinea Pig,domestic guinea pig,10141,Cavpor3.0,GCA_000151735.1,106,cporcellus
myripristis_murdjan,Pinecone soldierfish,pinecone soldierfish,586833,fMyrMur1.1,GCA_902150065.1,106,mmurdjan
mus_musculus_129s1svimj,Mouse 129S1/SvImJ,mouse,10090,129S1_SvImJ_v1,GCA_001624185.1,106,m129s1svimj
melopsittacus_undulatus,Budgerigar,Budgie,13146,Melopsittacus_undulatus_6.3,GCA_000238935.1,106,mundulatus
dipodomys_ordii,Kangaroo rat,Ord's kangaroo rat,10020,Dord_2.0,GCA_000151885.2,106,dordii
felis_catus,Cat,domestic cat,9685,Felis_catus_9.0,GCA_000181335.4,106,fcatus
sinocyclocheilus_grahami,Golden-line barbel,golden-line barbel,75366,SAMN03320097.WGS_v1.1,GCA_001515645.1,106,sgrahami
vombatus_ursinus,Common wombat,common wombat,29139,bare-nosed_wombat_genome_assembly,GCA_900497805.2,106,vursinus
canis_lupus_dingo,Dingo,dingo,286419,ASM325472v1,GCA_003254725.1,106,cdingo
moschus_moschiferus,Siberian musk deer,Siberian musk deer,68415,MosMos_v2_BIUU_UCD,GCA_004024705.2,106,mmoschiferus
sus_scrofa_largewhite,Pig - Largewhite,pig,9823,Large_White_v1,GCA_001700135.1,106,slargewhite
cyprinus_carpio_huanghe,Common carp huanghe,common carp huanghe,7962,Hunaghe_carp_2.0,GCA_004011575.1,106,chuanghe
sinocyclocheilus_anshuiensis,Blind barbel,blind barbel,1608454,SAMN03320099.WGS_v1.1,GCA_001515605.1,106,sanshuiensis
marmota_marmota_marmota,Alpine marmot,Alpine marmot,9994,marMar2.1,GCA_001458135.1,106,mmarmota
sorex_araneus,Shrew,European shrew,42254,COMMON_SHREW1,,106,saraneus
loxodonta_africana,Elephant,African savanna elephant,9785,loxAfr3,GCA_000001905.1,106,lafricana
ochotona_princeps,Pika,American pika,9978,OchPri2.0-Ens,,106,oprinceps
eptatretus_burgeri,Hagfish,Inshore hagfish,7764,Eburgeri_3.2,GCA_900186335.2,106,eburgeri
anabas_testudineus,Climbing perch,climbing perch,64144,fAnaTes1.2,GCA_900324465.2,106,atestudineus
mus_musculus_nodshiltj,Mouse NOD/ShiLtJ,mouse,10090,NOD_ShiLtJ_v1,GCA_001624675.1,106,mnodshiltj
mus_musculus_fvbnj,Mouse FVB/NJ,mouse,10090,FVB_NJ_v1,GCA_001624535.1,106,mfvbnj
amazona_collaria,Yellow-billed parrot,yellow-billed parrot,241587,ASM394721v1,GCA_003947215.1,106,acollaria
anser_brachyrhynchus,Pink-footed goose,pink-footed goose,132585,ASM259213v1,GCA_002592135.1,106,abrachyrhynchus
bos_taurus,Cow,cattle,9913,ARS-UCD1.2,GCA_002263795.2,106,btaurus
poecilia_formosa,Amazon molly,Amazon molly,48698,PoeFor_5.1.2,GCA_000485575.1,106,pformosa
parambassis_ranga,Indian glassy fish,Indian glassy fish,210632,fParRan2.1,GCA_900634625.1,106,pranga
nothobranchius_furzeri,Turquoise killifish,turquoise killifish,105023,Nfu_20140520,GCA_001465895.2,106,nfurzeri
oryzias_latipes_hsok,Japanese medaka HSOK,Japanese medaka HSOK,8090,ASM223469v1,GCA_002234695.1,106,ohsok
astyanax_mexicanus,Mexican tetra,Mexican tetra,7994,Astyanax_mexicanus-2.0,GCA_000372685.2,106,amexicanus
terrapene_carolina_triunguis,Three-toed box turtle,Three-toed box turtle,2587831,T_m_triunguis-2.0,GCA_002925995.2,106,ttriunguis
manacus_vitellinus,Golden-collared manakin,golden-collared manakin,328815,ASM171598v2,GCA_001715985.2,106,mvitellinus
capra_hircus_blackbengal,Goat (black bengal),Goat,9925,CVASU_BBG_1.0,GCA_004361675.1,106,cblackbengal
cebus_capucinus,Capuchin,White-headed capuchin,2715852,Cebus_imitator-1.0,GCA_001604975.1,106,ccapucinus
lates_calcarifer,Barramundi perch,barramundi perch,8187,ASB_HGAPassembly_v1,GCA_900066035.1,106,lcalcarifer
propithecus_coquereli,Coquerel's sifaka,Coquerel's sifaka,379532,Pcoq_1.0,GCA_000956105.1,106,pcoquereli
poecilia_latipinna,Sailfin molly,sailfin molly,48699,P_latipinna-1.0,GCA_001443285.1,106,platipinna
capra_hircus,Goat,Goat,9925,ARS1,GCA_001704415.1,106,chircus
paramormyrops_kingsleyae,Paramormyrops kingsleyae,Paramormyrops kingsleyae,1676925,PKINGS_0.1,GCA_002872115.1,106,pkingsleyae
oryzias_javanicus,Javanese ricefish,javanese ricefish,123683,OJAV_1.1,GCA_003999625.1,106,ojavanicus
oryzias_latipes,Japanese medaka HdrR,Japanese medaka HdrR,8090,ASM223467v1,GCA_002234675.1,106,olatipes
lepidothrix_coronata,Blue-crowned manakin,blue-crowned manakin,321398,Lepidothrix_coronata-1.0,GCA_001604755.1,106,lcoronata
sus_scrofa_hampshire,Pig - Hampshire,pig,9823,Hampshire_pig_v1,GCA_001700165.1,106,shampshire
cyprinus_carpio_germanmirror,Common carp german mirror,common carp german mirror,7962,German_Mirror_carp_1.0,GCA_004011555.1,106,cgermanmirror
seriola_lalandi_dorsalis,Yellowtail amberjack,yellowtail amberjack,1841481,Sedor1,GCA_002814215.1,106,sdorsalis
meriones_unguiculatus,Mongolian gerbil,Mongolian gerbil,10047,MunDraft-v1.0,GCA_002204375.1,106,munguiculatus
sus_scrofa_bamei,Pig - Bamei,pig,9823,Bamei_pig_v1,GCA_001700235.1,106,sbamei
laticauda_laticaudata,Blue-ringed sea krait,blue-ringed sea krait,8630,latLat_1.0,GCA_004320025.1,106,llaticaudata
vulpes_vulpes,Red fox,red fox,9627,VulVul2.2,GCA_003160815.1,106,vvulpes
labrus_bergylta,Ballan wrasse,ballan wrasse,56723,BallGen_V1,GCA_900080235.1,106,lbergylta
nannospalax_galili,Upper Galilee mountains blind mole rat,Upper Galilee mountains blind mole rat,1026970,S.galili_v1.0,GCA_000622305.1,106,ngalili
catharus_ustulatus,Swainson's thrush,Swainson's thrush,91951,bCatUst1.pri,GCA_009819885.1,106,custulatus
takifugu_rubripes,Fugu,fugu,31033,fTakRub1.2,GCA_901000725.2,106,trubripes
chrysemys_picta_bellii,Painted turtle,Western painted turtle,8478,Chrysemys_picta_bellii-3.0.3,GCA_000241765.2,106,cbellii
salmo_trutta,Brown trout,brown trout,8032,fSalTru1.1,GCA_901001165.1,106,strutta
sus_scrofa_landrace,Pig - Landrace,pig,9823,Landrace_pig_v1,GCA_001700215.1,106,slandrace
oryzias_melastigma,Indian medaka,Indian medaka,30732,Om_v0.7.RACA,GCA_002922805.1,106,omelastigma
oryzias_latipes_hni,Japanese medaka HNI,Japanese medaka HNI,8090,ASM223471v1,GCA_002234715.1,106,ohni
equus_asinus_asinus,Donkey,donkey,83772,ASM303372v1,GCA_003033725.1,106,easinus
ciona_savignyi,C.savignyi,Sea squirt Ciona savignyi,51511,CSAV2.0,,106,csavignyi
homo_sapiens,Human,human,9606,GRCh38,GCA_000001405.28,106,hsapiens
amphilophus_citrinellus,Midas cichlid,Midas cichlid,61819,Midas_v5,GCA_000751415.1,106,acitrinellus
macaca_nemestrina,Pig-tailed macaque,Pig-tailed macaque,9545,Mnem_1.0,GCA_000956065.1,106,mnemestrina
esox_lucius,Northern pike,northern pike,8010,Eluc_v4,GCA_004634155.1,106,elucius
